,publishtime,code,title,pdfurl
0,2016-12-06,000043,中航地产：所属地产相关业务资产重组整合涉及之江西中航地产有限责任公司持有的南昌中航国际广场二期项目资产评估报告,http://xinpi.cnstock.com/FileView.aspx?Code=E32B587AF66B6E1ED377E2823CEDF382
1,2016-12-06,000043,中航地产：所属地产相关业务资产重组整合涉及之成都航逸置业有限公司资产评估报告,http://xinpi.cnstock.com/FileView.aspx?Code=198ED2653BE75AB48EA8A144E1FB76F0
2,2016-12-06,002721,金一文化：深圳市贵天钻石有限公司盈利预测审核报告,http://xinpi.cnstock.com/FileView.aspx?Code=02E13B75C06A50060DDE2939F95C32A1
3,2016-12-06,002721,金一文化：深圳市贵天钻石有限公司审计报告,http://xinpi.cnstock.com/FileView.aspx?Code=3AE710FB7172BFDE6E83F4D0C204891A
4,2016-12-06,002721,金一文化：招商证券股份有限公司关于公司相关事项的核查意见,http://xinpi.cnstock.com/FileView.aspx?Code=90B03F71CBC5BADC2B69603BC09499C1
5,2016-12-06,002721,金一文化：招商证券股份有限公司关于公司发行股份及支付现金购买资产并募集配套资金暨关联交易之独立财务顾问报告,http://xinpi.cnstock.com/FileView.aspx?Code=73515EC2463BAB2677AFBC7182813B76
6,2016-12-06,002721,金一文化：审计报告,http://xinpi.cnstock.com/FileView.aspx?Code=32AB2CEFF6FAC95C298F08530A55E883
7,2016-12-06,002721,金一文化：臻宝通（深圳）互联网科技股份有限公司2016年度、2017年度盈利预测审核报告,http://xinpi.cnstock.com/FileView.aspx?Code=1E26E4DB59B4795A4A529A661C772997
8,2016-12-06,002721,金一文化：深圳市捷夫珠宝有限公司审核报告,http://xinpi.cnstock.com/FileView.aspx?Code=667C770616DE9D63FE82091EC6FAD4E0
9,2016-12-06,002721,金一文化：深圳市金艺珠宝有限公司2016年度、2017年度盈利预测审核报告,http://xinpi.cnstock.com/FileView.aspx?Code=A21467824577DD44B540971EEF48D1E2
10,2016-12-06,002721,金一文化：臻宝通（深圳）互联网科技股份有限公司2016年1-9月、2015年度、2014年度审计报告,http://xinpi.cnstock.com/FileView.aspx?Code=42FBA5D88CD0F0927D7778CB22D42A8B
11,2016-12-06,002721,金一文化：深圳市捷夫珠宝有限公司审计报告,http://xinpi.cnstock.com/FileView.aspx?Code=6E680F89DDE983D47C6711D66B02AD04
12,2016-12-06,002721,金一文化：深圳市金艺珠宝有限公司2016年1-9月、2015年度、2014年度审计报告,http://xinpi.cnstock.com/FileView.aspx?Code=53E8946E3A3E89278DFAFD4074574F42
13,2016-12-06,002721,金一文化：关于召开2016年第八次临时股东大会的通知,http://xinpi.cnstock.com/FileView.aspx?Code=43C7AD7BB6A4BC8A0B7122B0CCFBF33D
14,2016-12-06,002721,金一文化：简式权益变动报告书,http://xinpi.cnstock.com/FileView.aspx?Code=190E2202489C172C888905AF7E4851AB
15,2016-12-06,002721,金一文化：拟发行股份及支付现金购买深圳市金艺珠宝有限公司100%股权项目深圳市金艺珠宝有限公司股东全部权益价值资产评估报告,http://xinpi.cnstock.com/FileView.aspx?Code=D2EFE4ED485E8AB6F49284F4D14D560A
16,2016-12-06,002721,金一文化：公司章程（2016年12月）,http://xinpi.cnstock.com/FileView.aspx?Code=707ED19D31462C051B9E97CD4DF2D287
17,2016-12-06,002721,金一文化：南京宝庆尚品珠宝连锁有限公司审计报告,http://xinpi.cnstock.com/FileView.aspx?Code=2C353751045D451F0E721E7A8BA67554
18,2016-12-06,002721,金一文化：关于本次重大资产重组摊薄即期回报的填补措施及承诺事项的公告,http://xinpi.cnstock.com/FileView.aspx?Code=AB7D4ACBEDF58919AAC4D96D43C20B4F
19,2016-12-06,002721,金一文化：关于提供信息的真实性、准确性和完整性的承诺函,http://xinpi.cnstock.com/FileView.aspx?Code=A3199EF03705BCBA5A1676C485C8C9FD
20,2016-12-06,002721,金一文化：关于拟变更注册地址并修订《公司章程》的公告,http://xinpi.cnstock.com/FileView.aspx?Code=B1AC8A7DBC483CBE1F828DA9F094D926
21,2016-12-06,002721,金一文化：关于重大资产重组一般风险提示暨暂不复牌的公告,http://xinpi.cnstock.com/FileView.aspx?Code=E41352E1E0427805836F338E4362E781
22,2016-12-06,002721,金一文化：发行股份及支付现金购买臻宝通（深圳）互联网科技股份有限公司99.06%股权项目臻宝通（深圳）互联网科技股份有限公司股东全部权益价值资产评估报告,http://xinpi.cnstock.com/FileView.aspx?Code=7E022AA86E966A9175AF0DCFEF8A4CCF
23,2016-12-06,002721,金一文化：拟发行股份及支付现金购买深圳市捷夫珠宝有限公司100%股权项目深圳市捷夫珠宝有限公司股东全部权益价值资产评估报告,http://xinpi.cnstock.com/FileView.aspx?Code=9687E3F6CAEAEC61DFBD57C57BACD319
24,2016-12-06,002721,金一文化：南京宝庆尚品珠宝连锁有限公司盈利预测审核报告,http://xinpi.cnstock.com/FileView.aspx?Code=360C6E15F91FE5ADE2F8A7DDE9F2F67B
25,2016-12-06,002721,金一文化：北京市中伦律师事务所关于公司发行股份及支付现金购买资产并募集配套资金暨关联交易的法律意见书,http://xinpi.cnstock.com/FileView.aspx?Code=B919FE0152F47E223B3094EA040DFEC1
26,2016-12-06,002721,金一文化：独立董事关于公司发行股份及支付现金购买资产并募集配套资金暨关联交易事项的事前认可意见,http://xinpi.cnstock.com/FileView.aspx?Code=F41A035AB753E7564E10F7C15B773240
27,2016-12-06,002721,金一文化：独立董事关于发行股份及支付现金购买资产并募集配套资金暨关联交易事项的独立董事意见,http://xinpi.cnstock.com/FileView.aspx?Code=248B1F3F2A501628B6FAC5891B75E34A
28,2016-12-06,002721,金一文化：董事会关于公司股票价格波动是否达到《关于规范上市公司信息披露及相关各方行为的通知》第五条相关标准的说明,http://xinpi.cnstock.com/FileView.aspx?Code=1B7828376C901BA977AC3028CE418813
29,2016-12-06,002721,金一文化：董事会关于本次重大资产重组履行法定程序的完备性、合规性及提交的法律文件的有效性说明,http://xinpi.cnstock.com/FileView.aspx?Code=75539B23EAB0DBF5522BBA7CADB5BC00
30,2016-12-06,002721,金一文化：董事会关于本次重大资产重组符合《关于规范上市公司重大资产重组若干问题的规定》第四条规定的说明,http://xinpi.cnstock.com/FileView.aspx?Code=6A4B9EF5658552CA640E3D7F7F4DB26A
31,2016-12-06,002721,金一文化：发行股份及支付现金购买南京宝庆尚品珠宝连锁有限公司49%股权项目南京宝庆尚品珠宝连锁有限公司股东全部权益价值资产评估报告,http://xinpi.cnstock.com/FileView.aspx?Code=9D308EA042EF9348A7DCDFF29B8CB980
32,2016-12-06,002721,金一文化：发行股份及支付现金购买深圳市贵天钻石有限公司49%股权项目深圳市贵天钻石有限公司股东全部权益价值资产评估报告,http://xinpi.cnstock.com/FileView.aspx?Code=792BF67CF219F924FBFB16CC805634CC
33,2016-12-06,002721,金一文化：备考审计报告,http://xinpi.cnstock.com/FileView.aspx?Code=89280312BDE236B4288017602F27E122
34,2016-12-06,002721,金一文化：发行股份及支付现金购买资产并募集配套资金暨关联交易报告书（草案）摘要,http://xinpi.cnstock.com/FileView.aspx?Code=B4617D019F16BFB2098BBFD541B38EA1
35,2016-12-06,002721,金一文化：发行股份及支付现金购买资产并募集配套资金暨关联交易报告书（草案）,http://xinpi.cnstock.com/FileView.aspx?Code=CEC46C22AD7FADE0370B0A2B006ADF55
36,2016-12-06,002721,金一文化：第三届监事会第八次会议决议公告,http://xinpi.cnstock.com/FileView.aspx?Code=C929C711EF5F1625BDFE308CA16162B7
37,2016-12-06,002721,金一文化：第三届董事会第十八次会议决议公告,http://xinpi.cnstock.com/FileView.aspx?Code=5DE3376BC853DF89432F5CD2BDB396B8
38,2016-12-06,603585,苏利股份：首次公开发行股票网下初步配售结果及网上中签结果公告,http://xinpi.cnstock.com/FileView.aspx?Code=D979DD46B8B0DEB6F9C5604F1CD3CC45
39,2016-12-06,603708,家家悦：首次公开发行股票发行结果公告,http://xinpi.cnstock.com/FileView.aspx?Code=03866DC52B0AD0E2A8B80B1912DAD4F5
40,2016-12-06,603389,亚振家居：首次公开发行股票网上申购情况及中签率公告,http://xinpi.cnstock.com/FileView.aspx?Code=8439ED7141EAAF69E2CC23F2004E90B1
41,2016-12-06,603416,信捷电气：首次公开发行A股网上路演公告,http://xinpi.cnstock.com/FileView.aspx?Code=30BBB3FAE3381A9681F8B54951D652A2
42,2016-12-06,603033,三维股份公司章程,http://xinpi.cnstock.com/FileView.aspx?Code=A37FB0AB1C5CA715230F02F967C3A5CE
43,2016-12-06,603033,三维股份：首次公开发行股票上市公告书,http://xinpi.cnstock.com/FileView.aspx?Code=308C24E01303A2208E78CE7D0E758C89
44,2016-12-06,600234,*ST山水：关于股东持有本公司股票达10%的提示性公告,http://xinpi.cnstock.com/FileView.aspx?Code=BFAD70DBC668123B1C96DA2471E86515
45,2016-12-06,600526,菲达环保：关于神鹰集团商铺抵押权的公告,http://xinpi.cnstock.com/FileView.aspx?Code=A8B68315ED225DECD06A409E20271265
46,2016-12-06,600234,*ST山水：简式权益变动报告书,http://xinpi.cnstock.com/FileView.aspx?Code=457E8B05E7FF5F7C22F4A6F4FE616958
47,2016-12-06,603987,康德莱：控股股东及实际控制人关于股票交易异常波动的问询函的回复,http://xinpi.cnstock.com/FileView.aspx?Code=367AF1F48436FCBA9F7173F8DD126CD2
48,2016-12-06,900935,阳晨B股：停牌公告,http://xinpi.cnstock.com/FileView.aspx?Code=63D6863848DB0A24AC4A208CA41E8C72
49,2016-12-06,603843,正平股份：关于参与发起设立人寿保险公司的公告,http://xinpi.cnstock.com/FileView.aspx?Code=4844768ED87C559BB654F08415904A61
50,2016-12-06,603987,康德莱：股票交易异常波动公告,http://xinpi.cnstock.com/FileView.aspx?Code=AF7109D490F67B25ED8DE63CAC41D406
51,2016-12-06,603843,正平股份：第二届董事会第二十六次会议决议公告,http://xinpi.cnstock.com/FileView.aspx?Code=FAA62BCD31B94B16534AD1A6E04F28B9
52,2016-12-06,603727,徕木股份：-博迈科：华林证券股份有限公司关于博迈科海洋工程股份有限公司使用募集资金对子公司增资之保荐机构核查意见,http://xinpi.cnstock.com/FileView.aspx?Code=A873D662D86B2DBCEECAF538DF27CE30
53,2016-12-06,603777,来伊份：关于使用部分自有闲置资金进行现金管理的进展公告,http://xinpi.cnstock.com/FileView.aspx?Code=AB16BD256D485F7F7FAE3E4F7B7A72A3
54,2016-12-06,603808,歌力思：关于变更公司主体类型事项的补充说明公告,http://xinpi.cnstock.com/FileView.aspx?Code=223304FEC5AF819AD4A68BF806C4AE59
55,2016-12-06,603727,徕木股份：-博迈科：关于博迈科海洋工程股份有限公司以自筹资金预先投入募集资金投资项目的鉴证报告,http://xinpi.cnstock.com/FileView.aspx?Code=7031788E883A2E97D2FA868D68DDCECD
56,2016-12-06,603727,徕木股份：-博迈科第二届董事会第七次会议决议公告,http://xinpi.cnstock.com/FileView.aspx?Code=1E490C77A4072C3FB52B966F50F92541
57,2016-12-06,603727,徕木股份：-博迈科第二届董事会第七次会议决议,http://xinpi.cnstock.com/FileView.aspx?Code=1984492B79D6A5B8E37BAC562FF89E5E
58,2016-12-06,603727,徕木股份：-博迈科：华林证券股份有限公司关于博迈科海洋工程股份有限公司使用募集资金对子公司增资之保荐机构核查意见,http://xinpi.cnstock.com/FileView.aspx?Code=D562F0CCC5E9E383A7E247A47B97B76B
59,2016-12-06,603727,徕木股份：-博迈科：华林证券股份有限公司关于博迈科海洋工程股份有限公司使用募集资金置换先期投入之保荐机构核查意见,http://xinpi.cnstock.com/FileView.aspx?Code=10734374A0B8D771FB0100C9C39C85E1
60,2016-12-06,603727,徕木股份：-博迈科：关于博迈科海洋工程股份有限公司以自筹资金预先投入募集资金投资项目的鉴证报告,http://xinpi.cnstock.com/FileView.aspx?Code=9593C839709121BA45073128C6F6A2A6
61,2016-12-06,603727,徕木股份：-博迈科：关于博迈科海洋工程股份有限公司以自筹资金预先投入募集资金投资项目的鉴证报告,http://xinpi.cnstock.com/FileView.aspx?Code=2040D536CEA53ADC6195F428660D6793
62,2016-12-06,603727,徕木股份：-博迈科：华林证券股份有限公司关于博迈科海洋工程股份有限公司使用募集资金置换先期投入之保荐机构核查意见,http://xinpi.cnstock.com/FileView.aspx?Code=A6AC2A3E27B073051D6875D982201115
63,2016-12-06,603727,徕木股份：-博迈科第二届监事会第四次会议决议,http://xinpi.cnstock.com/FileView.aspx?Code=B19A9FB54291EF6BD0A99FBD6DDBB19C
64,2016-12-06,603727,徕木股份：-博迈科第二届监事会第四次会议决议,http://xinpi.cnstock.com/FileView.aspx?Code=83FFF0BB6513117A17C044BF15F82C49
65,2016-12-06,603727,徕木股份：-博迈科关于使用募集资金置换预先投入募投项目自筹资金的公告,http://xinpi.cnstock.com/FileView.aspx?Code=5CE5FD53E1E201177BA51D3880441117
66,2016-12-06,603727,徕木股份：-博迈科第二届董事会第七次会议决议,http://xinpi.cnstock.com/FileView.aspx?Code=ABA04B0FB57E83287C7F39CFA54D236A
67,2016-12-06,603727,徕木股份：-博迈科独立董事关于公司第二届董事会第七次会议相关事项的独立意见,http://xinpi.cnstock.com/FileView.aspx?Code=E2FE3A77C88D647FCD2A9517AC13CA94
68,2016-12-06,603727,徕木股份：-博迈科独立董事关于公司第二届董事会第七次会议相关事项的独立意见,http://xinpi.cnstock.com/FileView.aspx?Code=FB4CF1F5548AFB6ED2DE852699FF8F86
69,2016-12-06,603727,徕木股份：-博迈科：华林证券股份有限公司关于博迈科海洋工程股份有限公司使用募集资金对子公司增资之保荐机构核查意见,http://xinpi.cnstock.com/FileView.aspx?Code=5E80ABA34AE33E70BF07AF209A2F84CC
70,2016-12-06,603727,徕木股份：-博迈科第二届董事会第七次会议决议,http://xinpi.cnstock.com/FileView.aspx?Code=E4994728BB9AB5718A4E644972B0111E
71,2016-12-06,603727,徕木股份：-博迈科第二届监事会第四次会议决议,http://xinpi.cnstock.com/FileView.aspx?Code=87B4E06F2E359B8975B883A21DEE9970
72,2016-12-06,603727,徕木股份：-博迈科：华林证券股份有限公司关于博迈科海洋工程股份有限公司使用募集资金置换先期投入之保荐机构核查意见,http://xinpi.cnstock.com/FileView.aspx?Code=58E0CC03D5F53A43B706FDC5F783A86E
73,2016-12-06,603727,徕木股份：-博迈科关于使用募集资金向子公司增资的公告,http://xinpi.cnstock.com/FileView.aspx?Code=C4F82765D3CB65521A5001359F4C6A57
74,2016-12-06,603727,徕木股份：-博迈科第二届监事会第四次会议决议公告,http://xinpi.cnstock.com/FileView.aspx?Code=E6B85EE56278F6C0885F6EA643F1F73A
75,2016-12-06,000043,中航地产：所属地产相关业务资产重组整合涉及之江西中航地产有限责任公司持有的南昌中航国际广场二期项目资产评估报告,http://xinpi.cnstock.com/FileView.aspx?Code=E32B587AF66B6E1ED377E2823CEDF382
76,2016-12-06,000043,中航地产：所属地产相关业务资产重组整合涉及之成都航逸置业有限公司资产评估报告,http://xinpi.cnstock.com/FileView.aspx?Code=198ED2653BE75AB48EA8A144E1FB76F0
77,2016-12-06,002721,金一文化：深圳市贵天钻石有限公司盈利预测审核报告,http://xinpi.cnstock.com/FileView.aspx?Code=02E13B75C06A50060DDE2939F95C32A1
78,2016-12-06,002721,金一文化：深圳市贵天钻石有限公司审计报告,http://xinpi.cnstock.com/FileView.aspx?Code=3AE710FB7172BFDE6E83F4D0C204891A
79,2016-12-06,002721,金一文化：招商证券股份有限公司关于公司相关事项的核查意见,http://xinpi.cnstock.com/FileView.aspx?Code=90B03F71CBC5BADC2B69603BC09499C1
80,2016-12-06,002721,金一文化：招商证券股份有限公司关于公司发行股份及支付现金购买资产并募集配套资金暨关联交易之独立财务顾问报告,http://xinpi.cnstock.com/FileView.aspx?Code=73515EC2463BAB2677AFBC7182813B76
81,2016-12-06,002721,金一文化：审计报告,http://xinpi.cnstock.com/FileView.aspx?Code=32AB2CEFF6FAC95C298F08530A55E883
82,2016-12-06,002721,金一文化：臻宝通（深圳）互联网科技股份有限公司2016年度、2017年度盈利预测审核报告,http://xinpi.cnstock.com/FileView.aspx?Code=1E26E4DB59B4795A4A529A661C772997
83,2016-12-06,002721,金一文化：深圳市捷夫珠宝有限公司审核报告,http://xinpi.cnstock.com/FileView.aspx?Code=667C770616DE9D63FE82091EC6FAD4E0
84,2016-12-06,002721,金一文化：深圳市金艺珠宝有限公司2016年度、2017年度盈利预测审核报告,http://xinpi.cnstock.com/FileView.aspx?Code=A21467824577DD44B540971EEF48D1E2
85,2016-12-06,002721,金一文化：臻宝通（深圳）互联网科技股份有限公司2016年1-9月、2015年度、2014年度审计报告,http://xinpi.cnstock.com/FileView.aspx?Code=42FBA5D88CD0F0927D7778CB22D42A8B
86,2016-12-06,002721,金一文化：深圳市捷夫珠宝有限公司审计报告,http://xinpi.cnstock.com/FileView.aspx?Code=6E680F89DDE983D47C6711D66B02AD04
87,2016-12-06,002721,金一文化：深圳市金艺珠宝有限公司2016年1-9月、2015年度、2014年度审计报告,http://xinpi.cnstock.com/FileView.aspx?Code=53E8946E3A3E89278DFAFD4074574F42
88,2016-12-06,002721,金一文化：关于召开2016年第八次临时股东大会的通知,http://xinpi.cnstock.com/FileView.aspx?Code=43C7AD7BB6A4BC8A0B7122B0CCFBF33D
89,2016-12-06,002721,金一文化：简式权益变动报告书,http://xinpi.cnstock.com/FileView.aspx?Code=190E2202489C172C888905AF7E4851AB
90,2016-12-06,002721,金一文化：拟发行股份及支付现金购买深圳市金艺珠宝有限公司100%股权项目深圳市金艺珠宝有限公司股东全部权益价值资产评估报告,http://xinpi.cnstock.com/FileView.aspx?Code=D2EFE4ED485E8AB6F49284F4D14D560A
91,2016-12-06,002721,金一文化：公司章程（2016年12月）,http://xinpi.cnstock.com/FileView.aspx?Code=707ED19D31462C051B9E97CD4DF2D287
92,2016-12-06,002721,金一文化：南京宝庆尚品珠宝连锁有限公司审计报告,http://xinpi.cnstock.com/FileView.aspx?Code=2C353751045D451F0E721E7A8BA67554
93,2016-12-06,002721,金一文化：关于本次重大资产重组摊薄即期回报的填补措施及承诺事项的公告,http://xinpi.cnstock.com/FileView.aspx?Code=AB7D4ACBEDF58919AAC4D96D43C20B4F
94,2016-12-06,002721,金一文化：关于提供信息的真实性、准确性和完整性的承诺函,http://xinpi.cnstock.com/FileView.aspx?Code=A3199EF03705BCBA5A1676C485C8C9FD
95,2016-12-06,002721,金一文化：关于拟变更注册地址并修订《公司章程》的公告,http://xinpi.cnstock.com/FileView.aspx?Code=B1AC8A7DBC483CBE1F828DA9F094D926
96,2016-12-06,002721,金一文化：关于重大资产重组一般风险提示暨暂不复牌的公告,http://xinpi.cnstock.com/FileView.aspx?Code=E41352E1E0427805836F338E4362E781
97,2016-12-06,002721,金一文化：发行股份及支付现金购买臻宝通（深圳）互联网科技股份有限公司99.06%股权项目臻宝通（深圳）互联网科技股份有限公司股东全部权益价值资产评估报告,http://xinpi.cnstock.com/FileView.aspx?Code=7E022AA86E966A9175AF0DCFEF8A4CCF
98,2016-12-06,002721,金一文化：拟发行股份及支付现金购买深圳市捷夫珠宝有限公司100%股权项目深圳市捷夫珠宝有限公司股东全部权益价值资产评估报告,http://xinpi.cnstock.com/FileView.aspx?Code=9687E3F6CAEAEC61DFBD57C57BACD319
99,2016-12-06,002721,金一文化：南京宝庆尚品珠宝连锁有限公司盈利预测审核报告,http://xinpi.cnstock.com/FileView.aspx?Code=360C6E15F91FE5ADE2F8A7DDE9F2F67B
100,2016-12-06,600482,中国动力：独立董事关于公司股票期权激励计划（草案）的独立意见,http://xinpi.cnstock.com/FileView.aspx?Code=D839FE87CFB5C8240EB6A40FDB16A8EF
101,2016-12-06,600482,中国动力：独立董事关于使用募集资金向全资子公司增资的独立意见,http://xinpi.cnstock.com/FileView.aspx?Code=61EC08372A875C0EEAF5385156AE9684
102,2016-12-06,600482,中国动力：中信证券股份有限公司关于中国船舶重工集团动力股份有限公司使用募集资金对子公司增资暨使用部分闲置募集资金暂时补充流动资金的核查意见,http://xinpi.cnstock.com/FileView.aspx?Code=F82EC193D4047EEC036FF9E702A44778
103,2016-12-06,600482,中国动力：拟以土地对武汉船用机械有限责任公司增资项目--武汉船用机械有限责任公司资产评估报告,http://xinpi.cnstock.com/FileView.aspx?Code=DA171DED7DA3306F8BE7D3C333308D74
104,2016-12-06,600482,中国动力：拟对武汉船用机械有限责任公司增资项目所涉及的3宗授权经营土地使用权评估,http://xinpi.cnstock.com/FileView.aspx?Code=896221709BC771467972D165237A18CA
105,2016-12-06,600482,中国动力：董事会审计委员会关于向控股子公司增资暨关联交易的书面审核意见,http://xinpi.cnstock.com/FileView.aspx?Code=DF1D277DD4F9099A746E79754EDB15FC
106,2016-12-06,600482,中国动力：独立董事关于使用前次闲置募集资金暂时补充流动资金的意见,http://xinpi.cnstock.com/FileView.aspx?Code=C596505102ECEC24C5E8ABCCCA21F0B3
107,2016-12-06,600482,中国动力：关于召开2016年第六次临时股东大会的通知,http://xinpi.cnstock.com/FileView.aspx?Code=DE1BCFCE58BBB006579F2EA257EDC6DB
108,2016-12-06,600482,中国动力：股票期权激励授予对象名单,http://xinpi.cnstock.com/FileView.aspx?Code=9BC76BCD9272CDBBF0DE13BA12230B7E
109,2016-12-06,600482,中国动力：独立董事事前认可意见,http://xinpi.cnstock.com/FileView.aspx?Code=B029E9DE674AF9163AC81084A5E74F44
110,2016-12-06,600482,中国动力：独立董事关于向控股子公司增资暨关联交易的独立意见,http://xinpi.cnstock.com/FileView.aspx?Code=9849EB8CDC7D733E68D67C27E099110A
111,2016-12-06,002786,银宝山新：董事会秘书工作制度（2016年12月）,http://xinpi.cnstock.com/FileView.aspx?Code=14E468CCBE22A52EFAEB594BE4AF76CE
112,2016-12-06,002786,银宝山新：董事、监事薪酬管理制度（2016年12月）,http://xinpi.cnstock.com/FileView.aspx?Code=E12594111CA06DF56EA5331F2A7ACB9F
113,2016-12-06,002786,银宝山新：董事会会议提案管理办法（2016年12月）,http://xinpi.cnstock.com/FileView.aspx?Code=5756CF7A950EE31888CA4D3D269ACC74
114,2016-12-06,002786,银宝山新：关联交易管理制度（2016年12月）,http://xinpi.cnstock.com/FileView.aspx?Code=B6C73FD03A54D79E7DC2C4B1D0B51421
115,2016-12-06,002786,银宝山新：股东大会议事规则（2016年12月）,http://xinpi.cnstock.com/FileView.aspx?Code=D0978E5857ADAE63807C52B029437242
116,2016-12-06,002786,银宝山新：对外担保管理制度（2016年12月）,http://xinpi.cnstock.com/FileView.aspx?Code=A6B64E9F008F7241DF3C4DAEAD455B4F
117,2016-12-06,002786,银宝山新：独立董事关于第三届董事会第十五次会议的独立意见,http://xinpi.cnstock.com/FileView.aspx?Code=5D41B95808F5B283CA5541EC27589529
118,2016-12-06,002786,银宝山新：第三届监事会第九次会议决议公告,http://xinpi.cnstock.com/FileView.aspx?Code=CC11AC0B587F84449D5ABA8B7C7CEC3E
119,2016-12-06,002786,银宝山新：第三届董事会第十五次会议决议公告,http://xinpi.cnstock.com/FileView.aspx?Code=1FC063D5CFEC0D04E7079CB84052CE98
120,2016-12-06,002786,银宝山新：独立董事工作规则（2016年12月）,http://xinpi.cnstock.com/FileView.aspx?Code=15AA291ADAAC3A0A96B68DD08C82CEF5
121,2016-12-06,002786,银宝山新：董事会战略决策委员会工作细则（2016年12月）,http://xinpi.cnstock.com/FileView.aspx?Code=DD02D6ABFE7234763526EDC473B670FD
122,2016-12-06,002786,银宝山新：董事会议事规则（2016年12月）,http://xinpi.cnstock.com/FileView.aspx?Code=9F134AD1FC8A6188C260976F0FFCC647
123,2016-12-06,002786,银宝山新：董事会薪酬与考核委员会工作细则（2016年12月）,http://xinpi.cnstock.com/FileView.aspx?Code=78BF7AB037AE8439D0637050F4B660D6
124,2016-12-06,002786,银宝山新：董事会审计委员会工作细则（2016年12月）,http://xinpi.cnstock.com/FileView.aspx?Code=17E7121B321CBD05F611F114B9CD2E42
125,2016-12-06,002786,银宝山新：独立董事关于公司关联交易的事前认可意见,http://xinpi.cnstock.com/FileView.aspx?Code=5445B3E1B7D49BACDF4D21F13E86E383
126,2016-12-06,002786,银宝山新：关于2016年第二次临时股东大会通知的公告,http://xinpi.cnstock.com/FileView.aspx?Code=E57DFB34177CACB0A4B1346E45349773
127,2016-12-06,002786,银宝山新：关于全资子公司对外投资的公告,http://xinpi.cnstock.com/FileView.aspx?Code=4B82365E866EC8CB7D8AD45A1266F044
128,2016-12-06,002786,银宝山新：关于公司对外投资设立产业投资基金暨关联交易的公告,http://xinpi.cnstock.com/FileView.aspx?Code=04057A8D29058B46A147DC61900361E1
129,2016-12-06,002786,银宝山新：关于变更部分募集资金用途的公告,http://xinpi.cnstock.com/FileView.aspx?Code=C7A50AFDE879B036C07A8BDF1A5AAD77
130,2016-12-06,002786,银宝山新：公司章程（2016年12月）,http://xinpi.cnstock.com/FileView.aspx?Code=87A9246009B0FC432F2FCF6977372ACF
131,2016-12-06,002786,银宝山新：对外投资管理制度（2016年12月）,http://xinpi.cnstock.com/FileView.aspx?Code=CA5450B625455EECC1F585E431BF78F7
132,2016-12-06,002786,银宝山新：内部审计制度（2016年12月）,http://xinpi.cnstock.com/FileView.aspx?Code=A05FC61DDDDD4F3025CA5D1C25AF5560
133,2016-12-06,002786,银宝山新：募集资金管理办法（2016年12月）,http://xinpi.cnstock.com/FileView.aspx?Code=DDCD969BA6ACDCC4C4D6D4758BDBD00C
134,2016-12-06,002786,银宝山新：累积投票制度实施细则（2016年12月）,http://xinpi.cnstock.com/FileView.aspx?Code=3AC6B9B2AAD83258B0593E9E8FD0D260
135,2016-12-06,002786,银宝山新：监事会议事规则（2016年12月）,http://xinpi.cnstock.com/FileView.aspx?Code=023572D943FA79C7212560134E167275
136,2016-12-06,002388,新亚制程：独立董事关于控股子公司东莞亦准与彩玉微晶关联交易的事前认可意见,http://xinpi.cnstock.com/FileView.aspx?Code=E310A910709150BB49B8714EC4286E4F
137,2016-12-06,002388,新亚制程：独立董事关于控股子公司东莞亦准与彩玉微晶关联交易的独立意见,http://xinpi.cnstock.com/FileView.aspx?Code=08E8E66C69C557FC4CB5725C73F169E1
138,2016-12-06,002388,新亚制程：关于控股子公司东莞亦准与彩玉微晶关联交易的公告,http://xinpi.cnstock.com/FileView.aspx?Code=45C0653ACB4018A5B594227F75DB9B10
139,2016-12-06,002388,新亚制程：第四届董事会第四次会议决议公告,http://xinpi.cnstock.com/FileView.aspx?Code=B0D4E5F00802EB881F8262B8BC8B063A
140,2016-12-06,002786,银宝山新：中国中投证券有限责任公司关于公司拟对外投资暨关联交易的核查意见,http://xinpi.cnstock.com/FileView.aspx?Code=79F06D078D3619BB40D7BD1A0B78253F
141,2016-12-06,002786,银宝山新：总经理工作规则（2016年12月）,http://xinpi.cnstock.com/FileView.aspx?Code=38E786E80A90051D29AD960C68CDA223
142,2016-12-06,002786,银宝山新：中国中投证券有限责任公司关于公司拟变更募集资金投资项目部分设备的核查意见,http://xinpi.cnstock.com/FileView.aspx?Code=BF5A1F5970AD2A172D7D547604D075B9
143,2016-12-06,000005,世纪星源：关于通过本司参股设立的平台公司“深圳市星源城市能源开发有限公司”收购华润城市交通设施发展（郑州）有限公司100%股东权益的意向公告,http://xinpi.cnstock.com/FileView.aspx?Code=E0DFB165BB76696BE7CB21B12C798F1A
144,2016-12-06,000005,世纪星源：关于将“深圳市星源城市能源投资有限公司”变更为“深圳市星源城市能源开发有限公司”；同时接受独立第三方取代东莞信托作为合作方并仍按原方案对“深圳市创意能源基建投资有限公司”进行投资的公告,http://xinpi.cnstock.com/FileView.aspx?Code=83714414B88D47675E02F72A5A56681F
145,2016-12-06,000005,世纪星源：关于与印尼厨闽县政府就为厨闽县供水项目提供可行性研究报告及详细工程设计达成谅解备忘录的公告,http://xinpi.cnstock.com/FileView.aspx?Code=F9C570AFE81039AD8F4190F2249F891C
146,2016-12-06,000882,华联股份：独立董事关于第六届董事会第四十五次会议相关事项的独立意见,http://xinpi.cnstock.com/FileView.aspx?Code=E7DBD3A658E689262E2028631FB76B2D
147,2016-12-06,000882,华联股份：独立董事提名人声明（三）,http://xinpi.cnstock.com/FileView.aspx?Code=9579885CDEFFFA7D9896FD81F1CE72BA
148,2016-12-06,000882,华联股份：独立董事提名人声明（二）,http://xinpi.cnstock.com/FileView.aspx?Code=A76A0F8117830452FDD683D6248FB155
149,2016-12-06,000882,华联股份：独立董事提名人声明（一）,http://xinpi.cnstock.com/FileView.aspx?Code=6DF87209F8D515FB2CA127DDD4346BED
150,2016-12-06,000882,华联股份：独立董事候选人声明（刘义新）,http://xinpi.cnstock.com/FileView.aspx?Code=E9035475890C897459FFC762688A816A
151,2016-12-06,000882,华联股份：独立董事候选人声明（吴剑）,http://xinpi.cnstock.com/FileView.aspx?Code=3D4F40692EE420B641200641D4D74A64
152,2016-12-06,000882,华联股份：独立董事候选人声明（史泽友）,http://xinpi.cnstock.com/FileView.aspx?Code=5CEA0D61FCA7F8002545FA75529816D7
153,2016-12-06,000882,华联股份：关于召开2016年第六次临时股东大会的通知,http://xinpi.cnstock.com/FileView.aspx?Code=6CAB3D7E68248E73602CD6FFE52C9E6F
154,2016-12-06,000882,华联股份：第六届监事会第十七次会议决议公告,http://xinpi.cnstock.com/FileView.aspx?Code=D15A55FF13FAB89762B04B29D67B45D3
155,2016-12-06,000882,华联股份：关于增资财务公司暨关联交易公告,http://xinpi.cnstock.com/FileView.aspx?Code=5A66FA4BD9D8D6DE707ECE43D520BE8D
156,2016-12-06,000882,华联股份：设立华联保理子公司暨关联交易公告,http://xinpi.cnstock.com/FileView.aspx?Code=53F35BC5DC1EBB3F145D2493D606A97A
157,2016-12-06,000415,渤海金控：关于重大资产重组的进展公告,http://xinpi.cnstock.com/FileView.aspx?Code=5351C3949F93348C5FB50F9E8F8531AF
158,2016-12-06,000882,华联股份：第六届董事会第四十五次会议决议公告,http://xinpi.cnstock.com/FileView.aspx?Code=674A28407ED13AFFD20B7C52CF94D517
159,2016-12-06,603569,长久物流：独立董事对公司第二届董事会第二十次会议审议的相关事项的独立意见,http://xinpi.cnstock.com/FileView.aspx?Code=BDB461C6DE2369F913728D01E2AD3DBB
160,2016-12-06,603569,长久物流：安信证券股份有限公司关于北京长久物流股份有限公司拟为境外全资子公司提供担保的核查意见,http://xinpi.cnstock.com/FileView.aspx?Code=13D352D2FE91D678C450B65AC3E355BC
161,2016-12-06,603569,长久物流：安信证券股份有限公司关于北京长久物流股份有限公司拟为境外全资子公司提供担保的核查意见,http://xinpi.cnstock.com/FileView.aspx?Code=3BC8E509FC777F4137CF0DC78A6D9E79
162,2016-12-06,603569,长久物流：接待特定对象调研采访管理制度,http://xinpi.cnstock.com/FileView.aspx?Code=0844BAC476C1959EF009416FDCF972BD
163,2016-12-06,603569,长久物流：第二届监事会第十一次会议决议公告,http://xinpi.cnstock.com/FileView.aspx?Code=5E78F3DFF31CEB910BEF29564C7F10DE
164,2016-12-06,603569,长久物流：关于投资成立全资子公司的公告,http://xinpi.cnstock.com/FileView.aspx?Code=E289A7967FFE836AFD9FE67A37BBC453
165,2016-12-06,603569,长久物流：关于拟为境外全资子公司提供担保的公告,http://xinpi.cnstock.com/FileView.aspx?Code=44F18F436EB2CD7077EFD47A32038CF7
166,2016-12-06,603569,长久物流：关于召开2016年第四次临时股东大会的通知,http://xinpi.cnstock.com/FileView.aspx?Code=3CC76DDC636CD2C94278487931B9EB31
167,2016-12-06,603569,长久物流：安信证券股份有限公司关于北京长久物流股份有限公司拟为境外全资子公司提供担保的核查意见,http://xinpi.cnstock.com/FileView.aspx?Code=8F8ED6C27E8A8FAC96E12F19049012F5
168,2016-12-06,603569,长久物流：独立董事对公司第二届董事会第二十次会议审议的相关事项的独立意见,http://xinpi.cnstock.com/FileView.aspx?Code=72F46169897EC178FBFDBEC269D68CE3
169,2016-12-06,603569,长久物流：安信证券股份有限公司关于北京长久物流股份有限公司拟为境外全资子公司提供担保的核查意见,http://xinpi.cnstock.com/FileView.aspx?Code=9BF6E183F476BD7FA075C67CC01C16E3
170,2016-12-06,603569,长久物流：被担保人基本情况和最近一期的财务报表,http://xinpi.cnstock.com/FileView.aspx?Code=9810CC1DD9373D74378BDB49D9C864F6
171,2016-12-06,603559,中通国脉：关于公司高级管理人员变更的公告,http://xinpi.cnstock.com/FileView.aspx?Code=EEC41CB51384FBC28783BAFDADFE4CF3
172,2016-12-06,603559,中通国脉：独立董事关于第三届董事会第十二次（临时）会议改聘公司总经理、副总经理的独立意见,http://xinpi.cnstock.com/FileView.aspx?Code=229044CB1822849BB68E57AFDD810911
173,2016-12-06,603569,长久物流：第二届董事会第二十次会议决议公告,http://xinpi.cnstock.com/FileView.aspx?Code=E321DDC589265914C5C0C8CDE9B441DB
174,2016-12-06,603369,今世缘：关于认购江苏华泰大健康股权投资基金份额的补充公告,http://xinpi.cnstock.com/FileView.aspx?Code=F6676AAC22F07ADC07DE229DB39ED35C
175,2016-12-06,603559,中通国脉：第三届董事会第十二次（临时）会议决议公告,http://xinpi.cnstock.com/FileView.aspx?Code=AB2C305EF9BD46E96561E4035B6F626F
176,2016-12-06,601169,北京银行：监事会决议公告,http://xinpi.cnstock.com/FileView.aspx?Code=2681F0BEB825473F82462AD93C3D9712
177,2016-12-06,601169,北京银行：优先股股息发放实施公告,http://xinpi.cnstock.com/FileView.aspx?Code=3C1DA7E53311B0546CA743367CE35B7F
178,2016-12-06,603366,日出东方：关于公司及全资子公司使用部分闲置募集资金购买理财产品的实施公告,http://xinpi.cnstock.com/FileView.aspx?Code=4B741B9CCA73395B6306645C1C1DB348
179,2016-12-06,601116,三江购物：收购报告书,http://xinpi.cnstock.com/FileView.aspx?Code=4E5A63ACD9865A486016807E58256588
180,2016-12-06,601116,三江购物：上海市方达律师事务所关于杭州阿里巴巴泽泰信息技术有限公司免于申请豁免要约收购义务的法律意见书,http://xinpi.cnstock.com/FileView.aspx?Code=3DF2E595824FC43E8081C4F72CC37DCB
181,2016-12-06,601169,北京银行：董事会决议公告,http://xinpi.cnstock.com/FileView.aspx?Code=41DB47C3CE776B55CCC8F3C756865434
182,2016-12-06,601116,三江购物：第三届监事会第十一次会议决议公告,http://xinpi.cnstock.com/FileView.aspx?Code=0678A954B58D8C03977E63932C866BDA
183,2016-12-06,601116,三江购物：关于与关联方签订烟草零售业务的框架协议及烟草零售场地租赁协议的公告,http://xinpi.cnstock.com/FileView.aspx?Code=6AFEDD40ED71E2DB5A8B319501D8C4D5
184,2016-12-06,601116,三江购物：关于召开2016年第二次临时股东大会的通知,http://xinpi.cnstock.com/FileView.aspx?Code=F1F7406C69AC29BE98458F7E28F045C5
185,2016-12-06,601116,三江购物：关于股票交易异常波动公告,http://xinpi.cnstock.com/FileView.aspx?Code=033E824FD2267C9A3875BFA8DD7D4D50
186,2016-12-06,601116,三江购物：2016年第一次临时股东大会决议公告,http://xinpi.cnstock.com/FileView.aspx?Code=AA7A4FF435FD35E5EE6A33FAADCE1610
187,2016-12-06,601116,三江购物：第三届董事会第十六次会议决议公告,http://xinpi.cnstock.com/FileView.aspx?Code=D1D63607667EC8F891AFBC993D2773AA
188,2016-12-06,601116,三江购物：董事会审计委员会关于公司第三届董事会第十六次会议相关事项涉及关联交易的审核意见,http://xinpi.cnstock.com/FileView.aspx?Code=BFD34F788B46B03955283458B5ED3E63
189,2016-12-06,601116,三江购物：上海市方达律师事务所关于《三江购物俱乐部股份有限公司收购报告书》的法律意见书,http://xinpi.cnstock.com/FileView.aspx?Code=99A6B415015D1C0A3B3DD08402C66E90
190,2016-12-06,601116,三江购物：中国国际金融股份有限公司关于三江购物俱乐部股份有限公司收购报告书之财务顾问报告,http://xinpi.cnstock.com/FileView.aspx?Code=29542C1FAA518BB94E991BDD429F6ABB
191,2016-12-06,601116,三江购物：独立董事关于公司第三届董事会第十六次会议相关关联交易事项的事前认可意见,http://xinpi.cnstock.com/FileView.aspx?Code=14C69D5F7CEB36E5E90DF3D47C37D5DA
192,2016-12-06,601116,三江购物：独立董事关于公司第三届董事会第十六次会议相关事项的独立意见,http://xinpi.cnstock.com/FileView.aspx?Code=39FC1D3011024F259FE9C1CBBDD07536
193,2016-12-06,600300,维维股份：独立董事对公司拟将房地产业务进行股权转让暨关联交易的独立意见,http://xinpi.cnstock.com/FileView.aspx?Code=FBF2CF9AFFCFA30E64BEA8E066366634
194,2016-12-06,601116,三江购物：澄清说明公告,http://xinpi.cnstock.com/FileView.aspx?Code=A34B4C46D8C1686EE80F999F2760CCE6
195,2016-12-06,601116,三江购物：2016年第一次临时股东大会的法律意见书,http://xinpi.cnstock.com/FileView.aspx?Code=8BAF9683EA55E47FEF1FA57B1E62F716
196,2016-12-06,601116,三江购物：公司章程（2016年11月修订）,http://xinpi.cnstock.com/FileView.aspx?Code=49D0DF3B593DC9D33CBEE31128D3E460
197,2016-12-06,600300,维维股份：拟转让股权所涉及的徐州南湖花园度假村有限公司股东全部权益价值评估报告,http://xinpi.cnstock.com/FileView.aspx?Code=1CBEC386BE99157DF6BB3824A3EB7B2F
198,2016-12-06,600300,维维股份：拟转让股权所涉及的徐州市维维万恒置业有限公司股东全部权益价值评估报告,http://xinpi.cnstock.com/FileView.aspx?Code=8EA5848A0A6755CAA8DFFBC01464E2A7
199,2016-12-06,600300,维维股份：关于召开2016年第三次临时股东大会的通知,http://xinpi.cnstock.com/FileView.aspx?Code=E357130C4B276F7161D6BFEACA439781
